<?xml version="1.0"?>
<pagescount>
	<html_total>10</html_total>
	<html_done>1</html_done>
	<img>141</img>
	<js>5</js>
	<css>1</css>
	<pdf/>
	<doc/>
	<xls/>
	<ppt/>
	<swf/>
	<mp3/>
	<mp4/>
	<wav/>
	<xml/>
	<json/>
	<txt/>
	<fonts>6</fonts>
	<scraping_reload>1</scraping_reload>
	<is_pretty_url>false</is_pretty_url>
	<is_ebn>false</is_ebn>
	<theme_name>147132</theme_name>
	<server_url_front_page>https://www6.waybackmachinedownloader.com/wdo/files/demo/kolaps.com_onlylucknplm_gmail.com_vd87uc2k2vn/</server_url_front_page>
	<hosted_domain/>
	<original_archive_url>http://kolaps.com/en/</original_archive_url>
	<final_archive_url>http://kolaps.com/en/</final_archive_url>
	<front_page_code_date/>
	<total_urls_from_api/>
	<search_url_added>false</search_url_added>
	<total_size>42548</total_size>
</pagescount>
